__v,_id,data,patient_name,private_key,public_key
0,627814ec6936e8859f0bb257,S1j03OC4lXZ3T+qGg9sagOSsggzJSRkr6uW9U3YMVJMDvko7qepDII1KiSHOPLcV+uhiFCDj2t5uoz2dtvOeodkXp5SrEeFI+dkNfTpiB3Ac4VVEqub3Q6NFNpmVP0rCKvR5i36lzAt/OpxwpvlCQvS79lKudXsbsHxyDkCcAL/7zwCcbZLQ/FICycBsm+8mR9mv4tQSkhPxSEWkCUC6DP4DMwK+c3a3gJaAV/tGBI46NH07CI+OlRmqOmtV6lu/aX30fq/EJSMJWF4b5R1KKSWyu83nQolOT8mdXA5EqVwiAcLdgFrc2cmH/FitMzILkx7lqgOERLRLBtxddbYJrA==,looploploop,[object Object],[object Object]
0,627816c7e17f3acfa1e42641,CjwDUdNwS/oFx0avr6SHCwPmKIF+wDYmXo3HNGg8QuTi+1h32fPzJj1tUkakSuXl6J533Ey1l9+iLzI+9CoDloflCa4NJvAXj3rt3/n9mJPpxZe234exDmWsikEAuyuSvf92OIK4fcbPIBYNULvrA0EenhX7pOP5bnooWk9nfFzsPwUgR4zV374GqmPSku/rpEHATHECjQrpodLgnRIKxhEhG4TuGyoGCQNvEv92nLbZi6fn8UL1q0VUc5E1u86PP+beoOyVVSD+SARM0SpLI4wiDeFpwMjPpnT2X1vNMYfih+lrdhPs2kdGdG6kEVOkdNwDHRslSNiAFC02XU8WoQ==,looploploop,[object Object],[object Object]
0,6278171dd73c2f8e20e45a21,OK3od/OYuDLaoTaBjYUN5psn6styI4V8nBb+VdvK4xzu1Q53A1hn45WLdU3A3ehFEtmnkBZPPqppduHyoCddOGIKyuuOysE2jxx2g7K+AQ57KvSRTFO261/rUXLhTONR8FR3jyYSoeKT7t0z3Y3n/gNhoMkiB+qJT/WY5jMdEgtLhzCu4VSf2HI0N3I3StLS3dsr8m8exAmlY+Ssj0a+Sxvw5POuL9xpKCi8tYudct93fzMnrLjegxWYKX3ZwHfkgnYfVr92XI5eLXEopVTfxhMsy9DZif0vC8CoBey7zPJ/R9UfhTSPUojn6N//YrDyO3lxsIH9nbxopKSmtiZUVA==,looploploop,"-----BEGIN RSA PRIVATE KEY-----
MIIEowIBAAKCAQEA5M7gF5L+kd1p2MHKucR7JtSb9lnuA9DvAe9DdW6Eg1Q7f8KH
cTYsGvlJSghVGtmru3TDX1lyEZo6goozrw+Z+ilbnVYrgWcp6eD/x/VGEdpCZlqZ
leIO6Nom1j5IECJD2EABea4OMkLq/VK1bSTWMSyJwND9usDcCNL3kPHCi1PB1+vA
7zO9Y/RpPJMjmq81Dv8UbchJT7ZUE9pjzDF3I9ZvKXcC2Q90vglkvbTQVuR1Dfbk
bFKoIsp2STBxTyi/Chv2GYXjmhaDsRikQAElZ40vdBQNvg0somEU7yJBqg+zu2jl
uTGs2rFo3o9w2tR6DZ7a4TFWpDm5LMML4zs81QIDAQABAoIBAHLl5+YurKN2+kYc
2r56ihUvwrns4vcLnlnsWoXH38dLLy2y8+zH9VH+SO1iTcpT8EcMFWf2NK/eMO+I
kvef8ASNbDIQKXyr34JQuGEjK/KfFaTsbh+0CySnF8WSNQHVExiu247M9tgKfpKD
TBPo4Z6D7RDkYeW8H0JXHnas0LLBg40zONH5sXt6IP2fq6aSEeo/BW962GxaOs/K
cJ16xtYoPCmvYUuZTDfcG3IBnkvQt+MXod8tWdGKz6ydiMP5WBMS2tga0JBspQud
yhx7KS3LJdas8RcoEAvaY3ktnLRX0qLWUWqYqGf6DaEyl5ukKqCXdwAh8I3mGZ9H
p12LzMECgYEA8wRi5obdZp6Xie8dE5VF7Hci6FvT3JJiuy427Z1u4njl0aaAAfcm
Y6JMSQrBmxizbxVMubEs749l6DWmDUpCsroVfn1in0zvJSkhdgg0JilMxeB5udn4
3aPMcUzNSYw1tE1DqAZStbaNgc6uReKymgyr2OPrutM9D4U8KsoK2RkCgYEA8Qgo
7MmNdrOZW0RuwZPztg3Ldz2PfOj92bG2kC4UjRl32tcWl+BxghwQGQWxScSN7337
Ot+e0D9YiPpX7T2m3k46mfAiw4WKZbt0Y9vAkbXbErxLn6vQa+auSIhDt32irtY7
3BlRKnH0qEML9eKOQzlcPg9vk+IcW3OGBMM5bR0CgYEAla1U8OGOCf+SHG2+/enJ
2HwEbxLn6Ynr75fmUvHNcwW9nyQq4YsFBQbYb4CFgG51TezTheefYqlyvdQVQ0hC
zmwYgwDdNnqfLMcpidZBsGNtms7IinS7eF/DsuD3693E0hlom1vRo4Qdoh7XbcnT
8VfunDa9YSNsD1wjk8M/bTkCgYBFgMbcUNpcCjoEmV0esN0r+BpdzgCcUksxBQ/R
z5fZgCiRkEhRj0Tr8c+qh3ux+92526ggN++BuWJ8TUQhgw+lNwWq8hX0L4PTBhTv
3qRO4BPF+UoNRuwY0TIcdD6ioLXSmLA2LY68IJQeGQdP5f6D3/x7YNQZ3q+yp0NU
CD98+QKBgCV8BuwWYuBuXpn3vmsAmMEfN1EK7ImZSV5GgWaFZHdEzOhg23khhiop
fXa2edtcCAMWfd2W7CVdkrpVnvJGR+cqKrlTe6RtxjNiBVKLWVZULVktqh8QqmJv
9xTvH6B/y1xs4CNkZISyHKSac61J4bZSWevNuMfrkcz1s/BuX/xq
-----END RSA PRIVATE KEY-----
","-----BEGIN RSA PUBLIC KEY-----
MIIBCgKCAQEA5M7gF5L+kd1p2MHKucR7JtSb9lnuA9DvAe9DdW6Eg1Q7f8KHcTYs
GvlJSghVGtmru3TDX1lyEZo6goozrw+Z+ilbnVYrgWcp6eD/x/VGEdpCZlqZleIO
6Nom1j5IECJD2EABea4OMkLq/VK1bSTWMSyJwND9usDcCNL3kPHCi1PB1+vA7zO9
Y/RpPJMjmq81Dv8UbchJT7ZUE9pjzDF3I9ZvKXcC2Q90vglkvbTQVuR1DfbkbFKo
Isp2STBxTyi/Chv2GYXjmhaDsRikQAElZ40vdBQNvg0somEU7yJBqg+zu2jluTGs
2rFo3o9w2tR6DZ7a4TFWpDm5LMML4zs81QIDAQAB
-----END RSA PUBLIC KEY-----
"
0,627818415ba067d100ea7c7d,p7yVPO3JJp69mtWbn0K8yhObr0ZTPWlJSjgVow+q8mqAD4xMTiJeHXmJ72+Pu+Gjxk1uBQbKnmHXDDIAlLK/XppcpD+gMlycSPLelcAWLVzjBdsOglW1k2YeVQfHieCK5DzAF5nC/hMYyNz/aRK6H0Ojb3y0YNj0VWVsVAVrSBkRbA1jQZhUol7f69YQLEggLDNglCZYBcHZ52rt2C1Dt2MEssidkWSauiIcKQfcN9sxJfJw+MXhbrsFWlALrPfjQ12B9JvZNclTwU917Ivn8UIMzqmfbVhFmFns5hslfprYCRdfO6fDsPp41By4tPNf3BjPJ2AtQ+2pUatUUHOqkQ==,looploploop,"-----BEGIN RSA PRIVATE KEY-----
MIIEpAIBAAKCAQEA2Z6Pb2+fdM2JLVI3RV4E5u1huc7c05rmyZo5Mo/Ox5On6yQB
P/3Tq5j2qRDVBn6xVrNZn5kBF8wrksuMLxDZHb0XCL/6unUDqGBuMqW9h5BBekcI
RR8UM8nWgZ0d6W81c3viyDBsGpqo7wYEL/ONFWuWa5uj/t6DHm4KJ/2KWOWKBIKN
HfXeLhjvmURfoQXWO3qSOvYl8C8HGoojSGpPcW7PoO9zC8Oi7qbtSPjMCw4h62Ej
QJ3IV1EqwXAa8QkppT3UMvELfxH2/N16Q8r7QpMYq0IUv6lUolqCSBkdUXP7T0R5
hLlo4LgPbiNBm5Ppp2grajjUeJ7yin/IXcgp5wIDAQABAoIBAGPV/FPRT8QULySd
nUGzmmge60CFCIYDgHFo0WjC1Mh2kwirIe+rkRoeOLrjP/eU0+LEsQ8o8Hlsb2kO
/KbzAchE4XZgLLSxzhXG94dAxiyVH5TrVX3wfiIsLL6VyA05ubnbUfUpUc76uRm/
Ftiw0T7MdtuzMY9RobGqJfqmtHuHKedxhdHCjP2O86OVW8xmvGHpXr1TYMRViQW7
SQ7vU/985FMtyzZznUxFc98FS9uz/B1w8gKPjQw3Aow2xWg6bbmwvxrkOgpn1XjL
bI2vkWF4W17fIINPXL0o5HcZOZm2oa/xgsGYIEAMRFRrB7hi7ia/ILi1Tt4LKg+t
nW3s9FECgYEA+KxEfKLzEU+hpaqjpOgY16WPJQoNmgx30RUnGt598btHw7v18qyh
tUhdAQpYTBqHsBnAwb81avj5IBM7FV5V4rj6IYWna8T1oiR0GQi2jAg/spbDjxqj
HqzMzmJPo4RoSrK2PscsApAeRlwO0N5j0G2a2yMaSoBnsStUUUB+8jsCgYEA4AgO
ispUbo9zcnCngyQeuufzj5nkdWnVyK7KbW3akAaf/Uy/42lPF4Z9JTzCxaYKcIMy
rvVhWh4xxUas5L/P4vGFv1mG0aa3KXd07mBbEAI723Ou6EHL0TXBuunpJOcDYn5i
/IGeezVMayYT3DcchwQMBQbz+DSEFxkdSZ3EoEUCgYEAhahJ81e+H8rWTm4GIQei
+p2A796Uav1SlS2yZA28UeZgb0Misbm5/O8VFg8SYG1OCwf8g+aa9pE1jdjoQ9b9
gKv9vXDSCOnHQMwpHp+BRojUe8/u8obVsBIezrsmpPPw/l1J+ToiXIpLy3OFfxxZ
N9kBh9E5O1wC38YzPqzUzqsCgYEArg7UbZTBgJzHj3RjUYpwrbqlCz7/txGhXagf
8mFVXG0pRH2q4J7jKl39QT8x/KoClmP4ruJK3t9yv9knXxqAA8yuo3qFOsISsI71
NHd8iLWTl+8LR7xHBKaFfBlcYKVzhcS4V4LFhOhmFSGicIgJDAVi6Uz7pC35KpEC
pj2DlRkCgYB1cEMR1NYX7v2M/BKmPwAaF8YbytjcGZyG5Wn7UqlMRxrZ4XLkbVXO
mnCJNa01tHSYMIyUOKMZv4WJessyi97O4Hsc8MauK8chQkAAHrZl1ECN84/qi21E
87ChfRuaexFhmrdOfBO7ugtR6Zk58aiiUEK6H+PcvZMGwQyfhUM1KQ==
-----END RSA PRIVATE KEY-----
","-----BEGIN RSA PUBLIC KEY-----
MIIBCgKCAQEA2Z6Pb2+fdM2JLVI3RV4E5u1huc7c05rmyZo5Mo/Ox5On6yQBP/3T
q5j2qRDVBn6xVrNZn5kBF8wrksuMLxDZHb0XCL/6unUDqGBuMqW9h5BBekcIRR8U
M8nWgZ0d6W81c3viyDBsGpqo7wYEL/ONFWuWa5uj/t6DHm4KJ/2KWOWKBIKNHfXe
LhjvmURfoQXWO3qSOvYl8C8HGoojSGpPcW7PoO9zC8Oi7qbtSPjMCw4h62EjQJ3I
V1EqwXAa8QkppT3UMvELfxH2/N16Q8r7QpMYq0IUv6lUolqCSBkdUXP7T0R5hLlo
4LgPbiNBm5Ppp2grajjUeJ7yin/IXcgp5wIDAQAB
-----END RSA PUBLIC KEY-----
"